Ace_Hardware	ase_arDwer	00010	
Africa	afrika	100	
Ahmed	ameD	10	
Alex	aleks	10	
Allen	alen	10	
American	amerikan	0010	
Andrew	andru	10	
Angela	anhela	100
Arthur	artur	10	
Atlantic_City	atlantik_siti	00010
B	be	1	
Baker	beker	10	
Baltimore	baltimor	010	
Bangladesh	banglaDeS	001	
Barbie	barBi	10	
Barbies	barBis	10	
Berger	berger	10	
Betsy	betsi	10
Betty	beti	10	
Bety	beti	10	
Bill	bil	1	
Bobby	boBi	10	
Bonnie	boni	10	
Brian	brayan	10	
Brown	brawn	1	
Brownsville	brawnsBil	10	
Bruce	brus	1	
Burger_King	burger_king	001	
Bush	buS	1	
C	se	1	
CD	siDi//seDe	01//01	
CH	Ce	1	
CIA	sia	10
Calaníball	kalaniBal	0010	
Candice	kandis	10	
Carolyn	karolin	100	
Charlie	Carli	10	
Charlotte	Carlot	01	
Chely	Celi	10	
Chris	kris	1	
Christian	kristyan	10	
Christopher	kristofer	100	
Chrysler	kraysler	10	
Cleveland	kliBlan	10	
Codetel	koDetel	001	
Coke	kok	1	
Collins	kolins	10	
Compaq	kompak	10	
Connecticut	konektikut	0100	
Connery	koneri	100	
Cowboys	kowBoys	10	
Cynthia	sintya	10	
D	de	1	
Dade	deD	1	
Dallas	dalas	10	
Daniel	danyel	10	
Dany	dani	10	
Dave	deB	1
Davis	devis	10	
Denver	denBer	10	
Disney	dizney	10	
Disneylandia	diznilandya	0010	
Disneyworld	dizniworld	001	
Donald	donald	10	
E	e	1	
Edberg	eDBerg	10	
Eddie	eDi	10	
Edgar	eDGar	10	
Edith	eDit	10	
Edward	eDwarD	10	
Einstein	aynstayn	10	
Elizabeth	elisaBet	0100	
Elmer	elmer	10
Eloy	eloy	10	
Elsie	elsi	10	
Emmanuel	emanwel	010	
Eric	erik	10	
Erich	erik	10	
Erik	erik	10	
Erika	erika	100	
Ernest	ernest	10	
Esther	ester	10	
Evelyn	eBelin	100	
F	efe	10	
F_B_I	efe_be_i	0001
Fahrenheit	farenhet	001	
Fanny	fani	10
Fiat	fiat	10	
Foster	foster	10	
Freddy	freDi	10	
FreeNet	frinet	10	
Fulbright	fulBrayt	10	
G	he	1	
Gary	gari	10	
Genaro	Jenaro	010	
George	JorJ	1	
Georgia	JyorJya	10	
Geraldine	Jeraldin	001	
Gina	Jina	10	
Giorgio	JyorJyo	10	
Giuseppe	Jusepi	010	
Griffith	grifit	10	
Groenlandia	grinlandya	010	
Guy	gay	1	
Guyana	gayana	010	
H	aCe	10	
Hamilton	hamilton	100	
Hans	hans	1	
Hassan	hasan	10	
Haydée	ayDe	01	
Helmut	helmut	10	
Henri	enri	10	
Henry	enri	10	
Herri	heRi	10	
Hillary	hilari	100	
Hitler	hitler	10	
Hollywood	oliwuD	001	
Houston	hyuston	10	
Howard	haward	10	
Hussein	husen	01	
I_B_M	i_be_eme	0010
Ian	ian	10	
Illinois	ilinoy	001	
Ingrid	ingriD	10	
Iowa	ayowa	100	
Islas_Chetzel	islas_Cetsel	10_01
J	hota	10	
Janet	Janet	10	
Jean	Jin	1	
Jeff	Jef	1	
Jenny	Jeni	10	
Jeremy	Jeremi	100	
Jerome	Jerom	01	
Jerry	JeRi	10	
Jessica	Jesika	100	
Jessie	Jesi	10	
Jim	Jim	1	
Jimmy	Jimi	10	
Joe	Jo	1	
John	Jon	1	
Johnny	Jony	10	
Johnson	Jonson	10	
Jonatan	yonatan	100
Jonathan	Jonatan	010	
Jones	Jonz	10	
Jordi	JorDi	10	
Joseph	Josep	10	
Jovani	Jovani	010	
Joy	Joy	1	
K	ka	1	
Kennedy	keneDi	100	
Kensington	kensington	100	
Keylor	keylor	10	
Kity	kiti	10	
Knoxville	noksBil	10	
Koffler	kofler	10
L	ele	10	
Lancet	lanset	10
Lily	lili	10
Lincoln	linkon	10	
Little_Rock	litel_rok	100
Liverpool	liBerpul	0001	
Louis	luwis	10	
Lucey	luse	01
Lucy	lusi	10	
Luigi	lwiJi	10	
M	eme	10	
Mac_Claking	mak_klaking	010	
Manrique	manRike	010	
Mary	mari	10	
Maryland	marilan	010	
Marylyn	marilin	100	
Matox	matoks	10	
Max	maks	1	
Michigan	miCigan	100	
Mike	maik	1	
Milde	milDe	10
Milwaukee	milwawki	010	
Monroe	monro	01	
Morelli	moreli	010	
Myriam	miryam	10	
N	ene	10	
Naivi	nayBi	01
Nany	nani	10	
Natusha	natuSa	010	
Nelly	neli	10
New	nyu	1	
OEA	oea	001
Oakland	okland	01	
Oaxaca	wahaka	010	
Ohio	ohaio	010	
P	pe	1	
P_C	pe_se	01
P_S_C	pe_ese_se	0001
Patrick	patrik	10	
Paty	pati	10	
Pete	pit	1	
Peter	piter	10	
Pety	peti	10	
Phoenix	feniks	10	
Poe	po	1
Popy	popi	10	
Q	ku	1	
R	ere	10	
RR	eRe	10	
Raleigh	Raley	10	
Randy	Randi	10	
Reagan	ReGan	10	
Richard	RiCarD	10	
Richie	riCi	10	
Rickity	Rikiti	010	
Roger	RoJer	01
Romy	Romi	10	
S	ese	10	
Sabadell	saBaDel	001	
Sally	sali	10	
Samy	sami	10	
Sandy	sandi	10	
Schindler	Sindler	10	
Schneider	SneyDer	10	
Schuster	Suster	10	
Scott	eskot	01	
Seattle	seatel	010	
Spielberg	spilBerG	10	
Sr	seNor	1	
Sra	seNora	010	
Stalin	estalin	010	
Stanford	estanforD	010	
Stefan	estefan	010	
Steve	estif	01	
Stoneybrook	estoniBruk	0100	
Stowe	estow	01	
T	te	1	
Tony	toni	10	
U_R_S_S	u_ere_ese_ese	0000010
Utah	uta	10	
V	uBe	10	
W	dobleuBe	0010	
Walter	walter	10	
Washington	waSington	001	
William	wiyam	01	
Woody	wuDy	01	
X	ekis	10	
Y	i//iGryeGa	1//010	
Z	seta	10	
Zaire	sair	01	
aaa	aaa	1	
ballet	bale	01	
berlaque	berlake	010	
boutique	butik	01	
casete	kasete//kaset	010//01
closet	kloset	10	
closets	klosets	10	
eee	eee	1
freguís	freGis	01	
gay	gey	1	
green	grin	1	
hall	hal	1	
hardware	hardwer	10	
hey	hey	1	
holding	holdin	10	
iceberg	aysBerg	10	
iii	iii	1	
inter	inter	10	
it	it	1	
jazz	Jas	1	
jeep	Jip	01	
jet	Jet	1	
jets	Jets	1	
juniors	Junyors	10	
kung_fu	kung_fu	01
lady	leDi	10	
look	luk	1	
master	master	10	
match	matC	1	
megabytes	megabayts	001	
megaroms	megaroms	001	
mister	mister	10	
mmm	em	1
modem	modem	10	
morgue	morg	1	
nazi	natsi	10	
nazis	natsis	10	
neonazis	neonatsis	0010	
panel	panel	10	
psicosomática	sikosomatika	000100	
psiquis	sikis	10	
pss	pss	1
pítcher	pitCer	10	
quedado	keDaDo//keDao	010//010
restaurant	Restawran	001
resumé	Resume	001	
rugby	Rugbi	10	
shhht	S	1
shock	Sok	1	
show	Sou	1	
slam	eslam	01	
software	softwer	10	
south	sowt	1	
sport	esport	01	
spot	espot	01	
spots	espots	01	
stand	estand	01	
standard	estandarD	010	
status	estatus	010	
stereo	estereo	0010	
stock	estok	01	
stop	estop	01	
tour	tur	1	
trailer	treler	10	
trailers	trelers	10	
yen	yen	10	
yiak	yiak	1	
